{"cameraMode":{"drawMode":0,"name":"Shaded","section":"Shading Mode"},"sceneLighting":true,"audioPlay":false,"sceneViewState":{"m_AlwaysRefresh":false,"showFog":true,"showSkybox":true,"showFlares":true,"showImageEffects":true,"showParticleSystems":true,"showVisualEffectGraphs":true,"m_FxEnabled":true},"in2DMode":false,"pivot":{"x":-0.15325602889060975,"y":1.2994149923324586,"z":13.33044719696045},"rotation":{"x":-0.36601102352142336,"y":0.051865354180336,"z":-0.020417731255292894,"w":-0.9289954304695129},"size":2.5260212421417238,"orthographic":false}