{"cameraMode":{"drawMode":0,"name":"Shaded","section":"Shading Mode"},"sceneLighting":false,"audioPlay":false,"sceneViewState":{"m_AlwaysRefresh":false,"showFog":true,"showSkybox":false,"showFlares":true,"showImageEffects":true,"showParticleSystems":true,"showVisualEffectGraphs":true,"m_FxEnabled":true},"in2DMode":false,"pivot":{"x":0.28780001401901247,"y":0.5249999761581421,"z":0.06999999284744263},"rotation":{"x":-0.33291947841644289,"y":-0.30801406502723696,"z":0.11604954302310944,"w":-0.8836480975151062},"size":0.9463238716125488,"orthographic":false}