{"cameraMode":{"drawMode":0,"name":"Shaded","section":"Shading Mode"},"sceneLighting":true,"audioPlay":false,"sceneViewState":{"m_AlwaysRefresh":false,"showFog":true,"showSkybox":true,"showFlares":true,"showImageEffects":true,"showParticleSystems":true,"showVisualEffectGraphs":true,"m_FxEnabled":true},"in2DMode":false,"pivot":{"x":-0.3870491683483124,"y":-25.35218620300293,"z":29.26182746887207},"rotation":{"x":0.34694141149520876,"y":-0.003634627675637603,"z":0.0013442996423691512,"w":0.9378826022148132},"size":22.995256423950197,"orthographic":false}